{"cameraMode":{"drawMode":0,"name":"Shaded","section":"Shading Mode"},"sceneLighting":false,"audioPlay":false,"sceneViewState":{"showFog":false,"showMaterialUpdate":false,"showSkybox":false,"showFlares":true,"showImageEffects":true,"showParticleSystems":true},"in2DMode":false,"pivot":{"x":-13.93348217010498,"y":-4.091334342956543,"z":13.77439022064209},"rotation":{"x":-0.1334284543991089,"y":0.006775745656341314,"z":-0.000991950393654406,"w":-0.9912031888961792},"size":3.693199872970581,"orthographic":false}