{"cameraMode":{"drawMode":0,"name":"Shaded","section":"Shading Mode"},"sceneLighting":true,"audioPlay":false,"sceneViewState":{"showFog":false,"showMaterialUpdate":false,"showSkybox":false,"showFlares":true,"showImageEffects":true,"showParticleSystems":true},"in2DMode":false,"pivot":{"x":-13.62498950958252,"y":-4.1317009925842289,"z":9.464048385620118},"rotation":{"x":0.0797090157866478,"y":-0.7644287943840027,"z":0.09567869454622269,"w":0.6331029534339905},"size":2.857884645462036,"orthographic":false}