{"cameraMode":{"drawMode":0,"name":"Shaded","section":"Shading Mode"},"sceneLighting":false,"audioPlay":false,"sceneViewState":{"showFog":true,"showMaterialUpdate":false,"showSkybox":false,"showFlares":true,"showImageEffects":true,"showParticleSystems":true},"in2DMode":false,"pivot":{"x":-5.1215500831604,"y":0.8608806729316711,"z":3.589737892150879},"rotation":{"x":-0.028286198154091836,"y":0.9709387421607971,"z":-0.18461178243160249,"w":-0.15181507170200349},"size":8.083316802978516,"orthographic":false}