{"cameraMode":{"drawMode":0,"name":"Shaded","section":"Shading Mode"},"sceneLighting":false,"audioPlay":false,"sceneViewState":{"showFog":false,"showMaterialUpdate":false,"showSkybox":true,"showFlares":false,"showImageEffects":false,"showParticleSystems":false},"in2DMode":false,"pivot":{"x":-14.528935432434082,"y":-3.432013750076294,"z":21.29070281982422},"rotation":{"x":-0.011178041808307171,"y":-0.3792809247970581,"z":0.007595319766551256,"w":-0.9254959225654602},"size":0.04164592921733856,"orthographic":false}