{"cameraMode":{"drawMode":0,"name":"Shaded","section":"Shading Mode"},"sceneLighting":false,"audioPlay":false,"sceneViewState":{"showFog":true,"showMaterialUpdate":false,"showSkybox":false,"showFlares":true,"showImageEffects":true,"showParticleSystems":true},"in2DMode":false,"pivot":{"x":-1.163305640220642,"y":-1.4785112142562867,"z":0.4875805377960205},"rotation":{"x":-0.4498763680458069,"y":0.4631556272506714,"z":-0.29094237089157107,"w":-0.7064144611358643},"size":2.9864115715026857,"orthographic":false}