{"cameraMode":{"drawMode":0,"name":"Shaded","section":"Shading Mode"},"sceneLighting":false,"audioPlay":false,"sceneViewState":{"showFog":false,"showMaterialUpdate":false,"showSkybox":false,"showFlares":false,"showImageEffects":false,"showParticleSystems":false},"in2DMode":false,"pivot":{"x":17.92697525024414,"y":-9.952091217041016,"z":9.90498161315918},"rotation":{"x":0.0019205821445211769,"y":0.9865149855613709,"z":-0.16457809507846833,"w":0.009384416975080967},"size":2.8578836917877199,"orthographic":false}