{"cameraMode":{"drawMode":0,"name":"Shaded","section":"Shading Mode"},"sceneLighting":false,"audioPlay":false,"sceneViewState":{"showFog":true,"showMaterialUpdate":false,"showSkybox":false,"showFlares":true,"showImageEffects":true,"showParticleSystems":true},"in2DMode":false,"pivot":{"x":38.919315338134769,"y":-25.372005462646486,"z":22.274120330810548},"rotation":{"x":-0.22428780794143678,"y":-0.5746955871582031,"z":0.16768944263458253,"w":-0.769098162651062},"size":49.43484878540039,"orthographic":false}