{"cameraMode":{"drawMode":0,"name":"Shaded","section":"Shading Mode"},"sceneLighting":false,"audioPlay":false,"sceneViewState":{"showFog":false,"showMaterialUpdate":false,"showSkybox":false,"showFlares":false,"showImageEffects":false,"showParticleSystems":false},"in2DMode":false,"pivot":{"x":0.24100887775421143,"y":0.10965949296951294,"z":12.515589714050293},"rotation":{"x":-0.14169704914093018,"y":-0.022703642025589944,"z":0.004500288516283035,"w":-0.9898049831390381},"size":3.0064432621002199,"orthographic":false}