{"cameraMode":{"drawMode":0,"name":"Shaded","section":"Shading Mode"},"sceneLighting":false,"audioPlay":false,"sceneViewState":{"showFog":true,"showMaterialUpdate":false,"showSkybox":false,"showFlares":true,"showImageEffects":true,"showParticleSystems":true},"in2DMode":false,"pivot":{"x":2.6417887210845949,"y":0.35765033960342409,"z":0.7664185762405396},"rotation":{"x":-0.10582330077886582,"y":-0.42247089743614199,"z":0.048673029989004138,"w":-0.8991532325744629},"size":4.724999904632568,"orthographic":false}