{"cameraMode":{"drawMode":0,"name":"Shaded","section":"Shading Mode"},"sceneLighting":false,"audioPlay":false,"sceneViewState":{"showFog":true,"showMaterialUpdate":false,"showSkybox":false,"showFlares":true,"showImageEffects":true,"showParticleSystems":true},"in2DMode":false,"pivot":{"x":0.42133665084838869,"y":0.6516990661621094,"z":0.8586506843566895},"rotation":{"x":-0.1407776027917862,"y":-0.389168381690979,"z":0.059290412813425067,"w":-0.9087314009666443},"size":3.693199872970581,"orthographic":false}