{"cameraMode":{"drawMode":0,"name":"Shaded","section":"Shading Mode"},"sceneLighting":false,"audioPlay":false,"sceneViewState":{"showFog":false,"showMaterialUpdate":false,"showSkybox":false,"showFlares":false,"showImageEffects":false,"showParticleSystems":false},"in2DMode":false,"pivot":{"x":-17.97327995300293,"y":-0.03814145550131798,"z":12.202866554260254},"rotation":{"x":-0.047407619655132297,"y":0.9012320041656494,"z":-0.10210126638412476,"w":-0.41846105456352236},"size":10.178629875183106,"orthographic":false}