{"cameraMode":{"drawMode":0,"name":"Shaded","section":"Shading Mode"},"sceneLighting":false,"audioPlay":false,"sceneViewState":{"showFog":false,"showMaterialUpdate":false,"showSkybox":false,"showFlares":true,"showImageEffects":true,"showParticleSystems":true},"in2DMode":false,"pivot":{"x":-13.830086708068848,"y":-4.563199520111084,"z":17.464855194091798},"rotation":{"x":0.005177266430109739,"y":-0.8806038498878479,"z":-0.008788898587226868,"w":-0.4739514887332916},"size":1.0985082387924195,"orthographic":false}